{
  "middleware.ts": 1776097171.983769,
  "next.config.js": 1776097171.9839454,
  "next-env.d.ts": 1776097171.983864,
  "app/layout.tsx": 1776097171.9751134,
  "app/page.tsx": 1776097171.9760256,
  "app/einstellungen/page.tsx": 1776097171.9731212,
  "app/vendors/page.tsx": 1776097171.979058,
  "app/tasks/page.tsx": 1776097171.9786165,
  "app/auth/callback/route.ts": 1776097171.9683437,
  "app/signup/page.tsx": 1776097171.9778948,
  "app/gaeste/page.tsx": 1776097171.9741204,
  "app/dashboard/page.tsx": 1776097171.9701765,
  "app/invite/page.tsx": 1776097171.974967,
  "app/deko/page.tsx": 1776097171.9708781,
  "app/veranstalter/page.tsx": 1776097171.979401,
  "app/seating/page.tsx": 1776097171.9772289,
  "app/catering/page.tsx": 1776097171.9690502,
  "app/gaeste-fotos/page.tsx": 1776097171.973724,
  "app/sub-events/page.tsx": 1776097171.9782405,
  "app/login/page.tsx": 1776097171.975484,
  "app/reminders/page.tsx": 1776097171.97637,
  "app/onboarding/page.tsx": 1776097171.9759297,
  "app/budget/page.tsx": 1776097171.968672,
  "components/BottomNav.tsx": 1776097171.9800026,
  "components/AppHeader.tsx": 1776097171.9797757,
  "components/FeatureGate.tsx": 1776097171.9804482,
  "components/ClientLayout.tsx": 1776097171.9802556,
  "components/ui/index.tsx": 1776097171.9821348,
  "components/dashboard/CateringSection.tsx": 1776097171.9807231,
  "components/dashboard/GuestTab.tsx": 1776097171.9810784,
  "components/dashboard/HotelTab.tsx": 1776097171.9815266,
  "components/dashboard/DashboardWidgets.tsx": 1776097171.9809537,
  "components/dashboard/SortableWidget.tsx": 1776097171.9817805,
  "lib/event-context.tsx": 1776097171.982399,
  "lib/store.ts": 1776097171.9826186,
  "lib/supabase/client.ts": 1776097171.9830005,
  "lib/supabase/server.ts": 1776097171.9833112,
  "README.md": 1776097171.9679155
}